{
  "freqtrade": {
    "version": "2026.1",
    "summary": "Freqtrade - Crypto Trading Bot",
    "homepage": ""
  },
  "nautilus_trader": {
    "version": "1.222.0",
    "summary": "A high-performance algorithmic trading platform and event-driven backtester",
    "homepage": ""
  },
  "vectorbt": {
    "version": "0.28.4",
    "summary": "Python library for backtesting and analyzing trading strategies at scale",
    "homepage": ""
  },
  "hftbacktest": {
    "version": "2.4.4",
    "summary": "A high-frequency trading and market-making backtesting tool accounts for limit orders, queue positions, and latencies, utilizing full tick data for trades and order books.",
    "homepage": ""
  },
  "ccxt": {
    "version": "4.5.37",
    "summary": "A cryptocurrency trading API with more than 100 exchanges in JavaScript / TypeScript / Python / C# / PHP / Go",
    "homepage": "https://ccxt.com"
  },
  "pandas": {
    "version": "2.3.3",
    "summary": "Powerful data structures for data analysis, time series, and statistics",
    "homepage": ""
  },
  "numpy": {
    "version": "2.2.6",
    "summary": "Fundamental package for array computing in Python",
    "homepage": ""
  },
  "pyarrow": {
    "version": "23.0.0",
    "summary": "Python library for Apache Arrow",
    "homepage": ""
  },
  "ta-lib": {
    "version": "0.6.8",
    "summary": "Python wrapper for TA-Lib",
    "homepage": ""
  },
  "scikit-learn": {
    "version": "1.8.0",
    "summary": "A set of python modules for machine learning and data mining",
    "homepage": ""
  },
  "plotly": {
    "version": "6.5.2",
    "summary": "An open-source interactive data visualization library for Python",
    "homepage": ""
  },
  "scipy": {
    "version": "1.17.0",
    "summary": "Fundamental algorithms for scientific computing in Python",
    "homepage": ""
  },
  "numba": {
    "version": "0.63.1",
    "summary": "compiling Python code using LLVM",
    "homepage": "https://numba.pydata.org"
  },
  "llvmlite": {
    "version": "0.46.0",
    "summary": "lightweight wrapper around basic LLVM functionality",
    "homepage": "http://llvmlite.readthedocs.io"
  },
  "SQLAlchemy": {
    "version": "2.0.46",
    "summary": "Database Abstraction Library",
    "homepage": "https://www.sqlalchemy.org"
  },
  "aiohttp": {
    "version": "3.13.3",
    "summary": "Async http client/server framework (asyncio)",
    "homepage": ""
  },
  "pydantic": {
    "version": "2.12.5",
    "summary": "Data validation using Python type hints",
    "homepage": ""
  },
  "fastapi": {
    "version": "0.128.7",
    "summary": "FastAPI framework, high performance, easy to learn, fast to code, ready for production",
    "homepage": ""
  },
  "python-telegram-bot": {
    "version": "22.6",
    "summary": "We have made you a wrapper you can't refuse",
    "homepage": ""
  },
  "schedule": {
    "version": "1.2.2",
    "summary": "Job scheduling for humans.",
    "homepage": "https://github.com/dbader/schedule"
  },
  "orjson": {
    "version": "3.11.7",
    "summary": "Fast, correct Python JSON library supporting dataclasses, datetimes, and numpy",
    "homepage": ""
  },
  "msgspec": {
    "version": "0.20.0",
    "summary": "A fast serialization and validation library, with builtin support for JSON, MessagePack, YAML, and TOML.",
    "homepage": ""
  },
  "polars": {
    "version": "1.38.1",
    "summary": "Blazingly fast DataFrame library",
    "homepage": ""
  },
  "uvloop": {
    "version": "0.22.1",
    "summary": "Fast implementation of asyncio event loop on top of libuv",
    "homepage": ""
  },
  "websockets": {
    "version": "16.0",
    "summary": "An implementation of the WebSocket Protocol (RFC 6455 & 7692)",
    "homepage": ""
  }
}