{
    "trading_mode": "spot",
    "margin_mode": "",
    "max_open_trades": 5,
    "stake_currency": "USDT",
    "stake_amount": "unlimited",
    "tradable_balance_ratio": 0.99,
    "fiat_display_currency": "USD",
    "dry_run": true,
    "dry_run_wallet": 10000,
    "cancel_open_orders_on_exit": false,
    "unfilledtimeout": {
        "entry": 10,
        "exit": 10,
        "exit_timeout_count": 0,
        "unit": "minutes"
    },
    "entry_pricing": {
        "price_side": "same",
        "use_order_book": true,
        "order_book_top": 1,
        "price_last_balance": 0.0,
        "check_depth_of_market": {
            "enabled": false,
            "bids_to_ask_delta": 1
        }
    },
    "exit_pricing": {
        "price_side": "same",
        "use_order_book": true,
        "order_book_top": 1
    },
    "exchange": {
        "name": "binance",
        "key": "",
        "secret": "",
        "ccxt_config": {},
        "ccxt_sync_config": {},
        "ccxt_async_config": {},
        "pair_whitelist": [
            "BTC/USDT",
            "ETH/USDT",
            "SOL/USDT",
            "BNB/USDT",
            "XRP/USDT",
            "ADA/USDT",
            "AVAX/USDT",
            "DOGE/USDT",
            "DOT/USDT",
            "LINK/USDT"
        ],
        "pair_blacklist": [
            "BNB/.*"
        ]
    },
    "pairlists": [
        {
            "method": "StaticPairList"
        }
    ],
    "telegram": {
        "enabled": false,
        "token": "",
        "chat_id": "",
        "notification_settings": {
            "status": "on",
            "warning": "on",
            "startup": "on",
            "entry": "on",
            "exit": "on",
            "entry_cancel": "on",
            "exit_cancel": "on",
            "entry_fill": "off",
            "exit_fill": "off",
            "protection_trigger": "on",
            "protection_trigger_global": "on",
            "show_candle": "off"
        }
    },
    "api_server": {
        "enabled": true,
        "listen_ip_address": "127.0.0.1",
        "listen_port": 8080,
        "verbosity": "error",
        "enable_openapi": true,
        "jwt_secret_key": "change_me_in_production",
        "CORS_origins": ["http://localhost:3000"],
        "username": "freqtrader",
        "password": "freqtrader"
    },
    "bot_name": "crypto-investor-ft",
    "initial_state": "running",
    "force_entry_enable": false,
    "internals": {
        "process_throttle_secs": 5
    },
    "user_data_dir": "freqtrade/user_data"
}
